{
  "products": [
    {
      "pid": 1,
      "name": "Dining Chair",
      "contain_articles": [
        {
          "art_id": "1",
          "amount_of": "4"
        },
        {
          "art_id": "2",
          "amount_of": "8"
        },
        {
          "art_id": "3",
          "amount_of": "1"
        }
      ]
    },
    {
      "pid": 2,
      "name": "Dinning Table",
      "contain_articles": [
        {
          "art_id": "1",
          "amount_of": "4"
        },
        {
          "art_id": "2",
          "amount_of": "8"
        },
        {
          "art_id": "4",
          "amount_of": "1"
        }
      ]
    }
  ]
}